<?xml version="1.0" encoding="UTF-8"?>
<TextureAtlas imagePath="sprites.png">
	<!--
	Created with ShoeBox
	http://renderhjs.net/shoebox/
	-->
	<SubTexture name="abstractTile_01.png"	x="448"	y="903"	width="111"	height="128" frameX="-0" frameY="-0" frameWidth="111" frameHeight="128"/>
	<SubTexture name="abstractTile_02.png"	x="896"	y="1677"	width="111"	height="128" frameX="-0" frameY="-0" frameWidth="111" frameHeight="128"/>
	<SubTexture name="abstractTile_03.png"	x="896"	y="1548"	width="111"	height="128" frameX="-0" frameY="-0" frameWidth="111" frameHeight="128"/>
	<SubTexture name="abstractTile_04.png"	x="896"	y="1419"	width="111"	height="128" frameX="-0" frameY="-0" frameWidth="111" frameHeight="128"/>
	<SubTexture name="abstractTile_05.png"	x="896"	y="1290"	width="111"	height="128" frameX="-0" frameY="-0" frameWidth="111" frameHeight="128"/>
	<SubTexture name="abstractTile_06.png"	x="896"	y="1161"	width="111"	height="128" frameX="-0" frameY="-0" frameWidth="111" frameHeight="128"/>
	<SubTexture name="abstractTile_07.png"	x="896"	y="1032"	width="111"	height="128" frameX="-0" frameY="-0" frameWidth="111" frameHeight="128"/>
	<SubTexture name="abstractTile_08.png"	x="896"	y="903"	width="111"	height="128" frameX="-0" frameY="-0" frameWidth="111" frameHeight="128"/>
	<SubTexture name="abstractTile_09.png"	x="896"	y="774"	width="111"	height="128" frameX="-0" frameY="-0" frameWidth="111" frameHeight="128"/>
	<SubTexture name="abstractTile_10.png"	x="896"	y="645"	width="111"	height="128" frameX="-0" frameY="-0" frameWidth="111" frameHeight="128"/>
	<SubTexture name="abstractTile_11.png"	x="896"	y="516"	width="111"	height="128" frameX="-0" frameY="-0" frameWidth="111" frameHeight="128"/>
	<SubTexture name="abstractTile_12.png"	x="896"	y="387"	width="111"	height="128" frameX="-0" frameY="-0" frameWidth="111" frameHeight="128"/>
	<SubTexture name="abstractTile_13.png"	x="896"	y="258"	width="111"	height="128" frameX="-0" frameY="-0" frameWidth="111" frameHeight="128"/>
	<SubTexture name="abstractTile_14.png"	x="896"	y="129"	width="111"	height="128" frameX="-0" frameY="-0" frameWidth="111" frameHeight="128"/>
	<SubTexture name="abstractTile_15.png"	x="896"	y="0"	width="111"	height="128" frameX="-0" frameY="-0" frameWidth="111" frameHeight="128"/>
	<SubTexture name="abstractTile_16.png"	x="784"	y="1806"	width="111"	height="128" frameX="-0" frameY="-0" frameWidth="111" frameHeight="128"/>
	<SubTexture name="abstractTile_17.png"	x="784"	y="1677"	width="111"	height="128" frameX="-0" frameY="-0" frameWidth="111" frameHeight="128"/>
	<SubTexture name="abstractTile_18.png"	x="784"	y="1548"	width="111"	height="128" frameX="-0" frameY="-0" frameWidth="111" frameHeight="128"/>
	<SubTexture name="abstractTile_19.png"	x="784"	y="1419"	width="111"	height="128" frameX="-0" frameY="-0" frameWidth="111" frameHeight="128"/>
	<SubTexture name="abstractTile_20.png"	x="784"	y="1290"	width="111"	height="128" frameX="-0" frameY="-0" frameWidth="111" frameHeight="128"/>
	<SubTexture name="abstractTile_21.png"	x="784"	y="1161"	width="111"	height="128" frameX="-0" frameY="-0" frameWidth="111" frameHeight="128"/>
	<SubTexture name="abstractTile_22.png"	x="784"	y="1032"	width="111"	height="128" frameX="-0" frameY="-0" frameWidth="111" frameHeight="128"/>
	<SubTexture name="abstractTile_23.png"	x="784"	y="903"	width="111"	height="128" frameX="-0" frameY="-0" frameWidth="111" frameHeight="128"/>
	<SubTexture name="abstractTile_24.png"	x="784"	y="774"	width="111"	height="128" frameX="-0" frameY="-0" frameWidth="111" frameHeight="128"/>
	<SubTexture name="abstractTile_25.png"	x="784"	y="645"	width="111"	height="128" frameX="-0" frameY="-0" frameWidth="111" frameHeight="128"/>
	<SubTexture name="abstractTile_26.png"	x="784"	y="516"	width="111"	height="128" frameX="-0" frameY="-0" frameWidth="111" frameHeight="128"/>
	<SubTexture name="abstractTile_27.png"	x="784"	y="387"	width="111"	height="128" frameX="-0" frameY="-0" frameWidth="111" frameHeight="128"/>
	<SubTexture name="abstractTile_28.png"	x="784"	y="258"	width="111"	height="128" frameX="-0" frameY="-0" frameWidth="111" frameHeight="128"/>
	<SubTexture name="abstractTile_29.png"	x="784"	y="129"	width="111"	height="128" frameX="-0" frameY="-0" frameWidth="111" frameHeight="128"/>
	<SubTexture name="abstractTile_30.png"	x="784"	y="0"	width="111"	height="128" frameX="-0" frameY="-0" frameWidth="111" frameHeight="128"/>
	<SubTexture name="abstractTile_31.png"	x="672"	y="1806"	width="111"	height="128" frameX="-0" frameY="-0" frameWidth="111" frameHeight="128"/>
	<SubTexture name="abstractTile_32.png"	x="672"	y="1677"	width="111"	height="128" frameX="-0" frameY="-0" frameWidth="111" frameHeight="128"/>
	<SubTexture name="platformerTile_01.png"	x="672"	y="1548"	width="111"	height="128" frameX="-0" frameY="-0" frameWidth="111" frameHeight="128"/>
	<SubTexture name="platformerTile_02.png"	x="672"	y="1419"	width="111"	height="128" frameX="-0" frameY="-0" frameWidth="111" frameHeight="128"/>
	<SubTexture name="platformerTile_03.png"	x="672"	y="1290"	width="111"	height="128" frameX="-0" frameY="-0" frameWidth="111" frameHeight="128"/>
	<SubTexture name="platformerTile_04.png"	x="672"	y="1161"	width="111"	height="128" frameX="-0" frameY="-0" frameWidth="111" frameHeight="128"/>
	<SubTexture name="platformerTile_05.png"	x="672"	y="1032"	width="111"	height="128" frameX="-0" frameY="-0" frameWidth="111" frameHeight="128"/>
	<SubTexture name="platformerTile_06.png"	x="672"	y="903"	width="111"	height="128" frameX="-0" frameY="-0" frameWidth="111" frameHeight="128"/>
	<SubTexture name="platformerTile_07.png"	x="672"	y="774"	width="111"	height="128" frameX="-0" frameY="-0" frameWidth="111" frameHeight="128"/>
	<SubTexture name="platformerTile_08.png"	x="672"	y="645"	width="111"	height="128" frameX="-0" frameY="-0" frameWidth="111" frameHeight="128"/>
	<SubTexture name="platformerTile_09.png"	x="672"	y="516"	width="111"	height="128" frameX="-0" frameY="-0" frameWidth="111" frameHeight="128"/>
	<SubTexture name="platformerTile_10.png"	x="672"	y="387"	width="111"	height="128" frameX="-0" frameY="-0" frameWidth="111" frameHeight="128"/>
	<SubTexture name="platformerTile_11.png"	x="672"	y="258"	width="111"	height="128" frameX="-0" frameY="-0" frameWidth="111" frameHeight="128"/>
	<SubTexture name="platformerTile_12.png"	x="672"	y="129"	width="111"	height="128" frameX="-0" frameY="-0" frameWidth="111" frameHeight="128"/>
	<SubTexture name="platformerTile_13.png"	x="672"	y="0"	width="111"	height="128" frameX="-0" frameY="-0" frameWidth="111" frameHeight="128"/>
	<SubTexture name="platformerTile_14.png"	x="560"	y="1806"	width="111"	height="128" frameX="-0" frameY="-0" frameWidth="111" frameHeight="128"/>
	<SubTexture name="platformerTile_15.png"	x="560"	y="1677"	width="111"	height="128" frameX="-0" frameY="-0" frameWidth="111" frameHeight="128"/>
	<SubTexture name="platformerTile_16.png"	x="560"	y="1548"	width="111"	height="128" frameX="-0" frameY="-0" frameWidth="111" frameHeight="128"/>
	<SubTexture name="platformerTile_17.png"	x="560"	y="1419"	width="111"	height="128" frameX="-0" frameY="-0" frameWidth="111" frameHeight="128"/>
	<SubTexture name="platformerTile_18.png"	x="560"	y="1290"	width="111"	height="128" frameX="-0" frameY="-0" frameWidth="111" frameHeight="128"/>
	<SubTexture name="platformerTile_19.png"	x="560"	y="1161"	width="111"	height="128" frameX="-0" frameY="-0" frameWidth="111" frameHeight="128"/>
	<SubTexture name="platformerTile_20.png"	x="560"	y="1032"	width="111"	height="128" frameX="-0" frameY="-0" frameWidth="111" frameHeight="128"/>
	<SubTexture name="platformerTile_21.png"	x="560"	y="903"	width="111"	height="128" frameX="-0" frameY="-0" frameWidth="111" frameHeight="128"/>
	<SubTexture name="platformerTile_22.png"	x="560"	y="774"	width="111"	height="128" frameX="-0" frameY="-0" frameWidth="111" frameHeight="128"/>
	<SubTexture name="platformerTile_23.png"	x="560"	y="645"	width="111"	height="128" frameX="-0" frameY="-0" frameWidth="111" frameHeight="128"/>
	<SubTexture name="platformerTile_24.png"	x="560"	y="516"	width="111"	height="128" frameX="-0" frameY="-0" frameWidth="111" frameHeight="128"/>
	<SubTexture name="platformerTile_25.png"	x="560"	y="387"	width="111"	height="128" frameX="-0" frameY="-0" frameWidth="111" frameHeight="128"/>
	<SubTexture name="platformerTile_26.png"	x="560"	y="258"	width="111"	height="128" frameX="-0" frameY="-0" frameWidth="111" frameHeight="128"/>
	<SubTexture name="platformerTile_27.png"	x="560"	y="129"	width="111"	height="128" frameX="-0" frameY="-0" frameWidth="111" frameHeight="128"/>
	<SubTexture name="platformerTile_28.png"	x="560"	y="0"	width="111"	height="128" frameX="-0" frameY="-0" frameWidth="111" frameHeight="128"/>
	<SubTexture name="platformerTile_29.png"	x="448"	y="1806"	width="111"	height="128" frameX="-0" frameY="-0" frameWidth="111" frameHeight="128"/>
	<SubTexture name="platformerTile_30.png"	x="448"	y="1677"	width="111"	height="128" frameX="-0" frameY="-0" frameWidth="111" frameHeight="128"/>
	<SubTexture name="platformerTile_31.png"	x="448"	y="1548"	width="111"	height="128" frameX="-0" frameY="-0" frameWidth="111" frameHeight="128"/>
	<SubTexture name="platformerTile_32.png"	x="448"	y="1419"	width="111"	height="128" frameX="-0" frameY="-0" frameWidth="111" frameHeight="128"/>
	<SubTexture name="platformerTile_33.png"	x="448"	y="1290"	width="111"	height="128" frameX="-0" frameY="-0" frameWidth="111" frameHeight="128"/>
	<SubTexture name="platformerTile_34.png"	x="448"	y="1161"	width="111"	height="128" frameX="-0" frameY="-0" frameWidth="111" frameHeight="128"/>
	<SubTexture name="platformerTile_35.png"	x="448"	y="1032"	width="111"	height="128" frameX="-0" frameY="-0" frameWidth="111" frameHeight="128"/>
	<SubTexture name="platformerTile_36.png"	x="896"	y="1806"	width="111"	height="128" frameX="-0" frameY="-0" frameWidth="111" frameHeight="128"/>
	<SubTexture name="platformerTile_37.png"	x="448"	y="774"	width="111"	height="128" frameX="-0" frameY="-0" frameWidth="111" frameHeight="128"/>
	<SubTexture name="platformerTile_38.png"	x="448"	y="645"	width="111"	height="128" frameX="-0" frameY="-0" frameWidth="111" frameHeight="128"/>
	<SubTexture name="platformerTile_39.png"	x="448"	y="516"	width="111"	height="128" frameX="-0" frameY="-0" frameWidth="111" frameHeight="128"/>
	<SubTexture name="platformerTile_40.png"	x="448"	y="387"	width="111"	height="128" frameX="-0" frameY="-0" frameWidth="111" frameHeight="128"/>
	<SubTexture name="platformerTile_41.png"	x="448"	y="258"	width="111"	height="128" frameX="-0" frameY="-0" frameWidth="111" frameHeight="128"/>
	<SubTexture name="platformerTile_42.png"	x="448"	y="129"	width="111"	height="128" frameX="-0" frameY="-0" frameWidth="111" frameHeight="128"/>
	<SubTexture name="platformerTile_43.png"	x="448"	y="0"	width="111"	height="128" frameX="-0" frameY="-0" frameWidth="111" frameHeight="128"/>
	<SubTexture name="platformerTile_44.png"	x="336"	y="1806"	width="111"	height="128" frameX="-0" frameY="-0" frameWidth="111" frameHeight="128"/>
	<SubTexture name="platformerTile_45.png"	x="336"	y="1677"	width="111"	height="128" frameX="-0" frameY="-0" frameWidth="111" frameHeight="128"/>
	<SubTexture name="platformerTile_46.png"	x="336"	y="1548"	width="111"	height="128" frameX="-0" frameY="-0" frameWidth="111" frameHeight="128"/>
	<SubTexture name="platformerTile_47.png"	x="336"	y="1419"	width="111"	height="128" frameX="-0" frameY="-0" frameWidth="111" frameHeight="128"/>
	<SubTexture name="platformerTile_48.png"	x="336"	y="1290"	width="111"	height="128" frameX="-0" frameY="-0" frameWidth="111" frameHeight="128"/>
	<SubTexture name="voxelTile_01.png"	x="336"	y="1161"	width="111"	height="128" frameX="-0" frameY="-0" frameWidth="111" frameHeight="128"/>
	<SubTexture name="voxelTile_02.png"	x="336"	y="1032"	width="111"	height="128" frameX="-0" frameY="-0" frameWidth="111" frameHeight="128"/>
	<SubTexture name="voxelTile_03.png"	x="336"	y="903"	width="111"	height="128" frameX="-0" frameY="-0" frameWidth="111" frameHeight="128"/>
	<SubTexture name="voxelTile_04.png"	x="336"	y="774"	width="111"	height="128" frameX="-0" frameY="-0" frameWidth="111" frameHeight="128"/>
	<SubTexture name="voxelTile_05.png"	x="336"	y="645"	width="111"	height="128" frameX="-0" frameY="-0" frameWidth="111" frameHeight="128"/>
	<SubTexture name="voxelTile_06.png"	x="336"	y="516"	width="111"	height="128" frameX="-0" frameY="-0" frameWidth="111" frameHeight="128"/>
	<SubTexture name="voxelTile_07.png"	x="336"	y="387"	width="111"	height="128" frameX="-0" frameY="-0" frameWidth="111" frameHeight="128"/>
	<SubTexture name="voxelTile_08.png"	x="336"	y="258"	width="111"	height="128" frameX="-0" frameY="-0" frameWidth="111" frameHeight="128"/>
	<SubTexture name="voxelTile_09.png"	x="336"	y="129"	width="111"	height="128" frameX="-0" frameY="-0" frameWidth="111" frameHeight="128"/>
	<SubTexture name="voxelTile_10.png"	x="336"	y="0"	width="111"	height="128" frameX="-0" frameY="-0" frameWidth="111" frameHeight="128"/>
	<SubTexture name="voxelTile_11.png"	x="224"	y="1806"	width="111"	height="128" frameX="-0" frameY="-0" frameWidth="111" frameHeight="128"/>
	<SubTexture name="voxelTile_12.png"	x="224"	y="1677"	width="111"	height="128" frameX="-0" frameY="-0" frameWidth="111" frameHeight="128"/>
	<SubTexture name="voxelTile_13.png"	x="224"	y="1548"	width="111"	height="128" frameX="-0" frameY="-0" frameWidth="111" frameHeight="128"/>
	<SubTexture name="voxelTile_14.png"	x="224"	y="1419"	width="111"	height="128" frameX="-0" frameY="-0" frameWidth="111" frameHeight="128"/>
	<SubTexture name="voxelTile_15.png"	x="224"	y="1290"	width="111"	height="128" frameX="-0" frameY="-0" frameWidth="111" frameHeight="128"/>
	<SubTexture name="voxelTile_16.png"	x="224"	y="1161"	width="111"	height="128" frameX="-0" frameY="-0" frameWidth="111" frameHeight="128"/>
	<SubTexture name="voxelTile_17.png"	x="224"	y="1032"	width="111"	height="128" frameX="-0" frameY="-0" frameWidth="111" frameHeight="128"/>
	<SubTexture name="voxelTile_18.png"	x="224"	y="903"	width="111"	height="128" frameX="-0" frameY="-0" frameWidth="111" frameHeight="128"/>
	<SubTexture name="voxelTile_19.png"	x="224"	y="774"	width="111"	height="128" frameX="-0" frameY="-0" frameWidth="111" frameHeight="128"/>
	<SubTexture name="voxelTile_20.png"	x="224"	y="645"	width="111"	height="128" frameX="-0" frameY="-0" frameWidth="111" frameHeight="128"/>
	<SubTexture name="voxelTile_21.png"	x="224"	y="516"	width="111"	height="128" frameX="-0" frameY="-0" frameWidth="111" frameHeight="128"/>
	<SubTexture name="voxelTile_22.png"	x="224"	y="387"	width="111"	height="128" frameX="-0" frameY="-0" frameWidth="111" frameHeight="128"/>
	<SubTexture name="voxelTile_23.png"	x="224"	y="258"	width="111"	height="128" frameX="-0" frameY="-0" frameWidth="111" frameHeight="128"/>
	<SubTexture name="voxelTile_24.png"	x="224"	y="129"	width="111"	height="128" frameX="-0" frameY="-0" frameWidth="111" frameHeight="128"/>
	<SubTexture name="voxelTile_25.png"	x="224"	y="0"	width="111"	height="128" frameX="-0" frameY="-0" frameWidth="111" frameHeight="128"/>
	<SubTexture name="voxelTile_26.png"	x="112"	y="1806"	width="111"	height="128" frameX="-0" frameY="-0" frameWidth="111" frameHeight="128"/>
	<SubTexture name="voxelTile_27.png"	x="112"	y="1677"	width="111"	height="128" frameX="-0" frameY="-0" frameWidth="111" frameHeight="128"/>
	<SubTexture name="voxelTile_28.png"	x="112"	y="1548"	width="111"	height="128" frameX="-0" frameY="-0" frameWidth="111" frameHeight="128"/>
	<SubTexture name="voxelTile_29.png"	x="112"	y="1419"	width="111"	height="128" frameX="-0" frameY="-0" frameWidth="111" frameHeight="128"/>
	<SubTexture name="voxelTile_30.png"	x="112"	y="1290"	width="111"	height="128" frameX="-0" frameY="-0" frameWidth="111" frameHeight="128"/>
	<SubTexture name="voxelTile_31.png"	x="112"	y="1161"	width="111"	height="128" frameX="-0" frameY="-0" frameWidth="111" frameHeight="128"/>
	<SubTexture name="voxelTile_32.png"	x="112"	y="1032"	width="111"	height="128" frameX="-0" frameY="-0" frameWidth="111" frameHeight="128"/>
	<SubTexture name="voxelTile_33.png"	x="112"	y="903"	width="111"	height="128" frameX="-0" frameY="-0" frameWidth="111" frameHeight="128"/>
	<SubTexture name="voxelTile_34.png"	x="112"	y="774"	width="111"	height="128" frameX="-0" frameY="-0" frameWidth="111" frameHeight="128"/>
	<SubTexture name="voxelTile_35.png"	x="112"	y="645"	width="111"	height="128" frameX="-0" frameY="-0" frameWidth="111" frameHeight="128"/>
	<SubTexture name="voxelTile_36.png"	x="112"	y="516"	width="111"	height="128" frameX="-0" frameY="-0" frameWidth="111" frameHeight="128"/>
	<SubTexture name="voxelTile_37.png"	x="112"	y="387"	width="111"	height="128" frameX="-0" frameY="-0" frameWidth="111" frameHeight="128"/>
	<SubTexture name="voxelTile_38.png"	x="112"	y="258"	width="111"	height="128" frameX="-0" frameY="-0" frameWidth="111" frameHeight="128"/>
	<SubTexture name="voxelTile_39.png"	x="112"	y="129"	width="111"	height="128" frameX="-0" frameY="-0" frameWidth="111" frameHeight="128"/>
	<SubTexture name="voxelTile_40.png"	x="112"	y="0"	width="111"	height="128" frameX="-0" frameY="-0" frameWidth="111" frameHeight="128"/>
	<SubTexture name="voxelTile_41.png"	x="0"	y="1806"	width="111"	height="128" frameX="-0" frameY="-0" frameWidth="111" frameHeight="128"/>
	<SubTexture name="voxelTile_42.png"	x="0"	y="1677"	width="111"	height="128" frameX="-0" frameY="-0" frameWidth="111" frameHeight="128"/>
	<SubTexture name="voxelTile_43.png"	x="0"	y="1548"	width="111"	height="128" frameX="-0" frameY="-0" frameWidth="111" frameHeight="128"/>
	<SubTexture name="voxelTile_44.png"	x="0"	y="1419"	width="111"	height="128" frameX="-0" frameY="-0" frameWidth="111" frameHeight="128"/>
	<SubTexture name="voxelTile_45.png"	x="0"	y="1290"	width="111"	height="128" frameX="-0" frameY="-0" frameWidth="111" frameHeight="128"/>
	<SubTexture name="voxelTile_46.png"	x="0"	y="1161"	width="111"	height="128" frameX="-0" frameY="-0" frameWidth="111" frameHeight="128"/>
	<SubTexture name="voxelTile_47.png"	x="0"	y="1032"	width="111"	height="128" frameX="-0" frameY="-0" frameWidth="111" frameHeight="128"/>
	<SubTexture name="voxelTile_48.png"	x="0"	y="903"	width="111"	height="128" frameX="-0" frameY="-0" frameWidth="111" frameHeight="128"/>
	<SubTexture name="voxelTile_49.png"	x="0"	y="774"	width="111"	height="128" frameX="-0" frameY="-0" frameWidth="111" frameHeight="128"/>
	<SubTexture name="voxelTile_50.png"	x="0"	y="645"	width="111"	height="128" frameX="-0" frameY="-0" frameWidth="111" frameHeight="128"/>
	<SubTexture name="voxelTile_51.png"	x="0"	y="516"	width="111"	height="128" frameX="-0" frameY="-0" frameWidth="111" frameHeight="128"/>
	<SubTexture name="voxelTile_52.png"	x="0"	y="387"	width="111"	height="128" frameX="-0" frameY="-0" frameWidth="111" frameHeight="128"/>
	<SubTexture name="voxelTile_53.png"	x="0"	y="258"	width="111"	height="128" frameX="-0" frameY="-0" frameWidth="111" frameHeight="128"/>
	<SubTexture name="voxelTile_54.png"	x="0"	y="129"	width="111"	height="128" frameX="-0" frameY="-0" frameWidth="111" frameHeight="128"/>
	<SubTexture name="voxelTile_55.png"	x="0"	y="0"	width="111"	height="128" frameX="-0" frameY="-0" frameWidth="111" frameHeight="128"/>
</TextureAtlas>